[],"RT @1st1: üî• Big news! üî•

asyncio documentation has been rewritten from scratch! Read the new version here: https://t.co/Hoa08x3Y3Z.

Huge t‚Ä¶",phaeta,NYC
[],Biggest information warfare blunders ever! Others said the interview on Russian state television was a skit worthy‚Ä¶ https://t.co/vyTHl5ueq9,HannuOhvo,"Helsinki, Suomi"
[],RT @realpython: üêçüì∞ Lesser-known but idiomatic üêºPandas features for those already comfortable with Pandas' basic functionality and concepts.‚Ä¶,testdrivenio,"Denver, CO"
[],"RT @PythonWeekly: Project Python - A free interactive book that will teach you to code in Python, using graphics, animations, and games. ht‚Ä¶",BitAengel,
[],Awesome to see that @NewBostonISD is knocking it out of the park with Python GUI with Tkinter - 1 - Introduction‚Ä¶ https://t.co/2L94yidQQi,jpindi,Toronto
[],"RT @Maxakadzie: A rare video of ""me"" embracing the Python Programming Language @ThePSF @fullstackpython @realpython @pythonanywhere https:/‚Ä¶",dennyperez18,"Montr√©al, Qu√©bec"
[],"@gentlemanrhymer ""Handlebar Moustache Huzzah"" sounds like one of yours.",ridetheory,"Secure, Undisclosed Location"
[],"A little bit ago, the @scifidiner chatted Matt Frewer (Altered Carbon, Timeless, Orphan Black, Max Headroom, Supern‚Ä¶ https://t.co/Z2jriYzgvQ",zogpodstudios,"Leola, PA"
[],"@JKRthe4th FIRST OFF...look at the pic and it's clearly an attempt at a vag, but yes that is what I am telling you,‚Ä¶ https://t.co/Y7fIW7y7eW",_kirkyturkey,East of the mississippi
[],"@profmusgrave On a completely (un)related note, Matplotlib in python just came out with a new version.‚Ä¶ https://t.co/yGDdPpUqUJ",CoreyRYung,University of Kansas
[],"RT @Lenn_Len: Also: Owl Stretching Time, and The Toad Elevating Moment.

Stormy Daniels should use that last one as her book title. https:/‚Ä¶",misterich,Shackleton Crater Moon Base
[],"RT @unclebritt: @halsey I have an albino ball python that was only born with one eye and she‚Äôs so friendly and loves to play. Meet Minx,  m‚Ä¶",Jadee_nelson,"Jax, FL"
[],RT @PythonHub: Querying ansible global group variables via (python) https://t.co/mpwWRee2OT,HueCodeLab,"Lagos, Nigeria"
[],"RT @matplotlib: Happy to announce that Matplotlib 3.0 is up on pypi and ready for use!

Matplotlib is Python 3 only

The v2.2.x LTS branch‚Ä¶",iskander,"Brooklyn, NY"
[],"RT @qikipedia: Some of the rejected titles for Monty Python‚Äôs Flying Circus were 'A Horse, a Bucket, and a Spoon', 'Bun, Whackett, Buzzard,‚Ä¶",FlorenceBea_,in the clouds
[],"A little bit ago, the @scifidiner chatted Matt Frewer (Altered Carbon, Timeless, Orphan Black, Max Headroom, Supern‚Ä¶ https://t.co/nDqnFTrGRH",hertzog,"Ephrata, PA 17522"
[],"RT @zogpodstudios: A little bit ago, the @scifidiner chatted Matt Frewer (Altered Carbon, Timeless, Orphan Black, Max Headroom, Supernatura‚Ä¶",GamerGeekNews,
[],"RT @_kirkyturkey: @JKRthe4th FIRST OFF...look at the pic and it's clearly an attempt at a vag, but yes that is what I am telling you, dino-‚Ä¶",GamerGeekNews,
[],"@CoreyRYung Learning Python is a post-tenure project

for my RAs",profmusgrave,Former theocracy of Mass.
[],"RT @CoreyRYung: @profmusgrave On a completely (un)related note, Matplotlib in python just came out with a new version. https://t.co/L6wYuZ8‚Ä¶",GamerGeekNews,
[],"@discordapp @catalic1 Webhooks are really useful for several stuff, regardless of guild size. I use it actively for‚Ä¶ https://t.co/3f1LCDPHXj",jimkats1,Greece
[],RT @ncoghlan_dev: One of the key parts of running an effective non-profit is keeping your accounts in order so both donors and the wider co‚Ä¶,yarkot,
[],Professor @sosulski is quoted in a story on Python's popularity as a computer-programming language: https://t.co/vPtKFlFSAs,nyuinnovation,"New York, NY"
[],Luo elders cleanse the legendary African rock python 'Omieri' after she was taken to Kisumu; she will be returned t‚Ä¶ https://t.co/s8u0CYCn9n,fliquesam,"Nai—èobi, Kenya"
[],"A little bit ago, the @scifidiner chatted Matt Frewer (Altered Carbon, Timeless, Orphan Black, Max Headroom, Supern‚Ä¶ https://t.co/gvlxBgh9rZ",scifidiner,"Millersville, PA 17551"
[],"RT @qikipedia: Some of the rejected titles for Monty Python‚Äôs Flying Circus were 'A Horse, a Bucket, and a Spoon', 'Bun, Whackett, Buzzard,‚Ä¶",RadagastWiz,"Kitchener, Ontario, Canada"
[],@bradheath @CLEQuality @big_cases @elonmusk @legalkeyboard (Maybe a more efficient way of asking: which of the pyth‚Ä¶ https://t.co/sXKAUS9LWI,markvdvd,"New York, NY"
[],3 Python web scrapers and crawlers https://t.co/t9RJLhggUO via @opensourceway by @jehb,Don_Watkins,"New York, USA"
[],"RT @CMastication: God grant me the serenity to accept the statistical tools I cannot change, courage to adopt new languages &amp; methods when‚Ä¶",tekitizzy,"Kampala, Uganda"
[],"RT @matplotlib: Happy to announce that Matplotlib 3.0 is up on pypi and ready for use!

Matplotlib is Python 3 only

The v2.2.x LTS branch‚Ä¶",CharitarthV,"Bonn, Germany"
['NoNeedToCorrectMeThisIsAJoke'],"RT @JonTrevithick: I learned all the names of the Monty Python team from their 2013 press conference.
#NoNeedToCorrectMeThisIsAJoke https:/‚Ä¶",zuiko21,Almer√≠a
"['business', 'startup', 'geek', 'london', 'ceo', 'cio', 'cto', 'construction', 'html', 'css', 'hustle']","RT @Huwiss: Similar to my ‚Äòthree steps‚Äô concept!
#business #startup #geek #london #ceo #cio #cto #construction #html #css #hustle #javascri‚Ä¶",nanafreelance,Brunei Darussalam
['RecommendationEngine'],"RT @AnalyticsVidhya: Starting to build a #RecommendationEngine? Here's your comprehensive guide covering fundamentals of this, using GraphL‚Ä¶",HueCodeLab,"Lagos, Nigeria"
[],RT @PythonHub: The Most Popular Deployment Tools for Serverless https://t.co/O9dl5mjmIl,liulixiang1988,China
[],"RT @DoverCook: @ShappiKhorsandi @Rich_Cooper @MarkFindlay26 @kent_imig ""This isn't the place for an argument.  This is Abuse.  You want two‚Ä¶",DaisyDeadhead,Upstate South Carolina
[],"Python: Here, have a model that's 100% accurate on both the training and test sets!
Me: .... bullshit.",dragonmustang01,United States
[],"people need to learn code, I'm sick with the python",mayatomr,"New Orleans, LA"
[],"Alfred Dunner Womens Plus Tunic Top Python Print Polyester size 16W 20W NEW 
https://t.co/jZ5UO0oTJ1",tasha454026,United Stateshttp://stores.ebay.com/1stopvalueshop
[],"RT @qikipedia: Some of the rejected titles for Monty Python‚Äôs Flying Circus were 'A Horse, a Bucket, and a Spoon', 'Bun, Whackett, Buzzard,‚Ä¶",_logik,India
"['Udemy', 'FREE', 'Coupon']","#Udemy 100% #FREE #Coupon for LIMITED TIME Python Programming Bible | Networking, GUI, Email, XML, CGI HURRY UP!!!!‚Ä¶ https://t.co/RWEsS1z0Bc",udemycoupons,
[],"RT @ThePSF: PyCon India, Hyderadad, Oct. 5-9 - https://t.co/VSDgG1lXPg. Conducted annually by the Python developer community. Keynote speak‚Ä¶",MANIKANTROY,"Trivandrum, India"
"['RoR', 'Angular', 'Python', 'VueJS', 'reactjs', '100DaysOfCode']","RT @devshopadvisors: ""Most programming languages that used in the biggest websites. 
 #RoR #Angular #Python #VueJS #reactjs #100DaysOfCode‚Ä¶",garyjonesbest,Silicon Valley
"['JavaScript', 'CSS', 'Python', 'HTML', 'opensource']",Issue-4: facebook comments https://t.co/buk6B01B2z #JavaScript #CSS #Python #HTML #opensource,helpwantedbot,the internet
[],"RT @matplotlib: Happy to announce that Matplotlib 3.0 is up on pypi and ready for use!

Matplotlib is Python 3 only

The v2.2.x LTS branch‚Ä¶",andyheusser,"Boston, MA"
[],RT @EmekaGift: BREAKING!!! VICTIM OF OPERATION PYTHON DANCE III: ARMY OFFICER KILLS A BIAFRAN IN OBIGBO RIVERS STATE https://t.co/1muOFf1Cd‚Ä¶,BountifulBiafra,London
"['business', 'startup', 'geek', 'london', 'ceo', 'cio', 'cto', 'construction', 'html', 'css', 'hustle']","RT @Huwiss: Similar to my ‚Äòthree steps‚Äô concept!
#business #startup #geek #london #ceo #cio #cto #construction #html #css #hustle #javascri‚Ä¶",iamtherealaids,"Somewhere, some place."
[],"@KimStrassel @RealCandaceO @Baba9773 Monty Python must of have done a skit on this, that is where Feinstein got the idea... surely.",mvanwink1999,
[],"@kennethreitz Nice! And with PowerShell Core fixing some key bugs, Python 3.8 should have Activate.ps1 on all platf‚Ä¶ https://t.co/aDL6a1CYwm",brettsky,"Vancouver, British Columbia"
"['job', 'jobs', 'hiring']",New #job: Graduate Python Developer Location: Abingdon Salary: ¬£30kpa - ¬£40kpa .. https://t.co/I2APC7FaiY #jobs #hiring,Spectrum_ITjobs,"Chilworth, England"
[],"Graduate Python Developer - Abingdon, Oxfordshire - Graduate https://t.co/Rf2n0h8o58",Spectrum_ITjobs,"Chilworth, England"
[],"RT @scifidiner: A little bit ago, the @scifidiner chatted Matt Frewer (Altered Carbon, Timeless, Orphan Black, Max Headroom, Supernatural,‚Ä¶",trekonomicsbot,"Alpha Quadrant, Sector 001"
[],"Java: if you miss a single semi-colon your life‚Äôs work is in SHAMBLES,
Python: idk man do whatever",SpadiIIe,
[],"RT @zogpodstudios: A little bit ago, the @scifidiner chatted Matt Frewer (Altered Carbon, Timeless, Orphan Black, Max Headroom, Supernatura‚Ä¶",trekonomicsbot,"Alpha Quadrant, Sector 001"
"['pypy', 'python']",RT @PythonWeekly: The First 15 Years of PyPy ‚Äî a Personal Retrospective https://t.co/4AohOlCEqE #pypy #python https://t.co/h3HHLX8XDj,pypyproject,
[],"RT @matplotlib: Happy to announce that Matplotlib 3.0 is up on pypi and ready for use!

Matplotlib is Python 3 only

The v2.2.x LTS branch‚Ä¶",obspy,
[],"RT @hertzog: A little bit ago, the @scifidiner chatted Matt Frewer (Altered Carbon, Timeless, Orphan Black, Max Headroom, Supernatural, Sta‚Ä¶",trekonomicsbot,"Alpha Quadrant, Sector 001"
[],RT @Amaka_Ekwo: Biafra Today: BREAKING!!! ANOTHER VICTIM OF OPERATION PYTHON DANCE III: ARMY OFFICER KILLS A BIAFRAN IN OBIGBO RIVERS STATE‚Ä¶,UDomendu,Radio Biafra
[],@profmusgrave It was post-tenure for me - so I understand that. But it really has been worth it. Libraries are upda‚Ä¶ https://t.co/ypClKVquC9,CoreyRYung,University of Kansas
['RecommendationEngine'],"RT @AnalyticsVidhya: Starting to build a #RecommendationEngine? Here's your comprehensive guide covering fundamentals of this, using GraphL‚Ä¶",Datascience__,
[],"RT @Amaka_Ekwo: Entire Afaraukwu Kingdom Was Desecrated by Military Invasion Code-named Operation ""Python Dance II"" - Barr. Ejiofor https:/‚Ä¶",UDomendu,Radio Biafra
[],s functional groupreturn 0 functions function equations function examples lists function builders function builder‚Ä¶ https://t.co/PTZTUiaGq1,evedense,
"['rustlang', 'Python']","RT @occupy_paul_st: My newest """"weekend"""" project: explaining #rustlang ownership with #Python.

https://t.co/7OcDFBbXqm

Thanks @Ferrum_of‚Ä¶",rustlang,
[],Linux Forensics: Inodes Part 2: Using Python to Find Inodes that are Out of Place https://t.co/RR8Na1eFJn https://t.co/GbZUt0Fiwd,SecurityTube,"Sunnyvale, CA"
[],"RT @matplotlib: Happy to announce that Matplotlib 3.0 is up on pypi and ready for use!

Matplotlib is Python 3 only

The v2.2.x LTS branch‚Ä¶",iktakahiro,Japan
"['rustlang', 'Python']","RT @occupy_paul_st: My newest """"weekend"""" project: explaining #rustlang ownership with #Python.

https://t.co/7OcDFBbXqm

Thanks @Ferrum_of‚Ä¶",JoshARhoads,Pittsburgh PA
[],"Richa Sehgal, at Stanford for Cancer Early Detection, used SAS to model cancer cell clusters and improve tumor biop‚Ä¶ https://t.co/eSdwAznZ7W",esaldivarb,Lima Limon / Peru
"['NowPlaying', 'ListenHere']",#NowPlaying on Wicca Radio International In A Broken Dream by Python Lee Jackson #ListenHere https://t.co/yo3JnLTDrG,WICCANRADIO,"New Orleans, LA"
[],Python Web Developer at eHealth4everyone - https://t.co/K1aCKg0Ea2,Erecnigeria,Nigeria
['Python'],RT @AfroTech: The #Python Programming Language Just Got Rid Of These Racially-Charged Terms https://t.co/ZwdtxwHhYy https://t.co/Z7XruRHeq7,ShegzyMU,"Indianapolis, IN"
[],RT @JordiTorresAI: I just published ‚ÄúDeep Learning for Beginners: Practical Guide with Python and Keras‚Äù  in @Medium + @TDataScience + @BSC‚Ä¶,omerfrana,"Cardiff, Wales"
"['BigData', 'DataScientist', 'DataScience', 'MachineLearning', 'DeepLearning', 'ML']","RT @ahmedjr_16: 11 #BigData Courses To Become Top #DataScientist

https://t.co/yClYWcknEc

#DataScience #MachineLearning #DeepLearning #ML‚Ä¶",Inspire_2018,
[],"RT @jnuneziglesias: Python is taking over astronomy, 2018Q3 edition: the curve keeps getting steeper! Updated in collaboration with @_russr‚Ä¶",NCAR_RDA,"Boulder, CO"
['PlatformPumps'],"Check out ALEXANDRE BIRMAN Navy Blue Kate Python Pointed Toe Platform Pumps, Size 7 #PlatformPumps‚Ä¶ https://t.co/8lITxe6n4g",calfan2308,"Boise, ID"
[],@_blackslip @nevatsukumask Monty Python : The Meaning of Life ;),Jironimaux,Paris
[],Building Recommendation Systems In Python https://t.co/BpucoAbmyn,csharpcornercom,United States
[],"RT @radiobiafralive: Igbo Group Condemns Python Dance 3, Second Invasion Of The Home Of Mazi Israel Okwu Kanu and Demands Whereabouts Of Ka‚Ä¶",manchidoo1,
"['Popular', 'Innovation', 'UX', 'UI', 'nodejs', 'clojure', 'perl', 'reactjs', 'angularjs']","https://t.co/MLCwpVMs88 is For Sale

#Popular #Innovation #UX #UI #nodejs #clojure #perl #reactjs #angularjs‚Ä¶ https://t.co/cowGZfFMkE",xilinx9959,
"['python', 'datascience']",The latest Puerto Rico Pythons! https://t.co/iME6ukXfvf Thanks to @benakabogu @pisokonbu @dmonty_python #python #datascience,pr_pig,Puerto Rico
"['html', 'css', 'html5', 'css3']","The Ultimate Python Programming Tutorial
‚òû https://t.co/X6kaZIKtML
#html #css #html5 #css3
3_1-IgCfuhQ https://t.co/2fqcvIBMdc",htmlandcss_code,"Amazonas, Brasil"
[],RT @Emekannaoma: BREAKING!!! VICTIM OF OPERATION PYTHON DANCE III: ARMY OFFICER KILLS A BIAFRAN IN OBIGBO RIVERS STATE https://t.co/lCkH3Ke‚Ä¶,manchidoo1,
"['Popular', 'Innovation', 'UX', 'UI', 'nodejs', 'clojure', 'perl', 'reactjs', 'angularjs', 'jquery', 'html5']","RT @xilinx9959: https://t.co/MLCwpVMs88 is For Sale

#Popular #Innovation #UX #UI #nodejs #clojure #perl #reactjs #angularjs #jquery #html5‚Ä¶",egreen460,"Planet Earth, Milkyway Galaxy "
[],Loving this comment in @amuellerml's code on linear models for regression with Python - haven't we all been there?‚Ä¶ https://t.co/CkbSwTG3Lt,pamelinni,"M√ºnchen, Deutschland"
[],practice tweet from python script deployed to heroku: #0!,dassenlanden,
[],"A question related to python ""efficiency"" - /u/shaoranrch https://t.co/L9HDB86u7j",learnpythonbot,
[],Congratulations to Pelham Python Marina White for being published in New Hampshire's Emerging Writers: An Anthology‚Ä¶ https://t.co/p4Y8e4JKH9,jnugent_phs,
['Python'],"RT @raymondh: #Python 2.7 news:  Winter is coming.

https://t.co/qGQJzW3Wxq",beto0303,M√©xico
[],"Now is better than never.
Although never is often better than *right* now.
--  Tim Peters, Zen of Python",josiah_coad,
[],Third day of Edirom-Summer-School. @ahankinson and @roewenstrunk just tought us how to read and write csv-files in‚Ä¶ https://t.co/KM0LEQP8a8,krheroViFE,
[],"RT @jnuneziglesias: Python is taking over astronomy, 2018Q3 edition: the curve keeps getting steeper! Updated in collaboration with @_russr‚Ä¶",colliand,"Vancouver, BC, Canada"
"['Python', 'matplotlib']",RT @jscarto: Excellent 'cheat sheet' for #Python's #matplotlib. Dozens and dozens of examples in a jupyter notebook: https://t.co/iyNFCxGgi‚Ä¶,dersteppen,"Bogot√°, Colombia"
[],"RT @blackenedgold: Rust„Å®Python - Speaker Deck
https://t.co/iZlrLKJvb9",uhehehe366,
"['fineart', 'art', 'Python', 'beautiful', 'design', 'trippy']","subplacentas hacksaw
 by Jared Haer
Tempests Unresistedness Study
#fineart #art #Python #beautiful #design #trippy‚Ä¶ https://t.co/WYfokvhh0x",Jared216,"Saint Joseph, MO"
"['Python', 'Cloud']",RT @pgssoftware: Want a solution that‚Äôs quick to build and helps you stay ahead in your field? Try #Python üêç &amp; the #Cloud ‚òÅ Learn more! ‚û° h‚Ä¶,DonKoyote,"Wroclaw, Poland"
[],"RT @AbiaWriters5: Igbo Group Condemns Python Dance 3, Second Invasion Of The Home Of Mazi Israel Okwu Kanu and Demands Whereabouts Of Kanu'‚Ä¶",Godiswhitme,
[],"@joestauffacher the ditty from Monty Python bit:

üéº Rodger Moore, Rodger Moore,
Rides through the night,
Robs from‚Ä¶ https://t.co/GtvsKWY3CC",_DeanSMS,"Wauwatosa, WI"
['IPOB'],"RT @BIAFRANFORREAL: #IPOB: Operation Python Dance, a State coordinated means to slaughter  innocent Biafrans seeking for Self Determination‚Ä¶",Godiswhitme,
[],practice tweet from python script deployed to heroku: #1!,dassenlanden,
[],"RT @qikipedia: Some of the rejected titles for Monty Python‚Äôs Flying Circus were 'A Horse, a Bucket, and a Spoon', 'Bun, Whackett, Buzzard,‚Ä¶",happyspinster,Sheffield
[],"RT @qikipedia: Some of the rejected titles for Monty Python‚Äôs Flying Circus were 'A Horse, a Bucket, and a Spoon', 'Bun, Whackett, Buzzard,‚Ä¶",id_ops,None of yours...
"['python', 'duplicates', 'aggregation']","Aggregate multiple rows from a List - Python
https://t.co/MypaPVXLGj
#python #duplicates #aggregation",soiqbot,
[],"RT @SciPyTip: toolz: A functional standard library for Python.
https://t.co/om7T81bF0z",liulixiang1988,China
[],mmonty python &amp; the flying circus. monty python &amp; the prisoner of azkaban. montypython &amp; the ministry of silly-walk‚Ä¶ https://t.co/9FDr9SJZnD,dydosoda,"busytown, ncity"
"['DataScientists', 'DataScience', 'MachineLearning', 'Statistics', 'DeepLearning']","RT @KirkDBorne: A great collection of Cheat Sheets for #DataScientists ‚Äî #DataScience, #MachineLearning, #Statistics, #DeepLearning and mor‚Ä¶",bdeepak23,
"['python', 'kubernetes']",RT @testdrivenio: Running Flask on Kubernetes &gt;&gt; https://t.co/IcGDgUPkOf #python #kubernetes https://t.co/avrSUcCPrN,MikeHerman,"Denver, CO"
[],practice tweet from python script deployed to heroku: #2!,dassenlanden,
['IPOB'],"RT @BIAFRANFORREAL: #IPOB: Operation Python Dance, a State coordinated means to slaughter  innocent Biafrans seeking for Self Determination‚Ä¶",Godiswhitme,
[],RT @EWDurbin: Are you an account or know an account that would like to work for @ThePSF? There's a position available! Position is remote a‚Ä¶,nbensing,"Columbus, OH"
['Python'],RT @AfroTech: The #Python Programming Language Just Got Rid Of These Racially-Charged Terms https://t.co/ZwdtxwHhYy https://t.co/Z7XruRHeq7,TruthBToldpoet,Where a Bird Burns & Rebirths.
"['Bigdata', 'analytics']","Learn Python and Django from scratch: Create useful projects
‚òû https://t.co/bfL6MTq1uF
#Bigdata #analytics

EFcGkBA‚Ä¶ https://t.co/lqt8UvEPdv",BigDataProgram,United States
"['Python', 'github', 'MQTT']","RT @PCzanik: My first ever non-textbook #Python code is now on #github: an #MQTT destination for @syslog_ng:

https://t.co/8y5JjPbaUB

/me‚Ä¶",jpmens,
"['DataScientists', 'DataScience', 'MachineLearning', 'Statistics', 'DeepLearning']","RT @KirkDBorne: A great collection of Cheat Sheets for #DataScientists ‚Äî #DataScience, #MachineLearning, #Statistics, #DeepLearning and mor‚Ä¶",dmsbb,
"['Popular', 'Innovation', 'UX', 'UI', 'nodejs', 'clojure', 'perl', 'reactjs', 'angularjs', 'jquery', 'html5']","RT @xilinx9959: https://t.co/MLCwpVMs88 is For Sale

#Popular #Innovation #UX #UI #nodejs #clojure #perl #reactjs #angularjs #jquery #html5‚Ä¶",Programming24,"New York, USA"
[],"It took John Cleese &amp; Connie Booth 6 weeks to write each episode. 
The germ of Fawlty Towers can be seen in an epis‚Ä¶ https://t.co/7oHudNJ4Zk",LGSentinel,"LGraves@richmondsentinel Richmond, British Columbia"
['Python'],#Python goodness for your @rubrikInc clusters!,AaronLewisPDX,"Portland, Oregon"
[],@SeanTurkMusic Yes! It‚Äôs Python,NatashaMitchko,"Manhattan, NY"
[],"DAY 67-68: Going through object oriented javascript and some reactjs tutorials, not much focused so therefore effic‚Ä¶ https://t.co/2z9a6l4evB",junaid210_,India
[],"RT @hroogar: This isn't a Monty Python sketch @hrw, the guy how lost an aye after being shot with an illegal rubber bullet by the ES police‚Ä¶",Linanan1,Glasgow
[],"RT @junaid210_: DAY 67-68: Going through object oriented javascript and some reactjs tutorials, not much focused so therefore efficiency wa‚Ä¶",100xcode,üìçüöÄ
[],practice tweet from python script deployed to heroku: #3!,dassenlanden,
[],"Learning Algorithms with JS, Python and Java 8: Sentence Capitalization https://t.co/NLdy06IiFW https://t.co/FN5r2U3Ak6",YourSpeedyCloud,Beijing
"['JavaScript', 'HTML5', 'CSS']","RT @czmosra: Oh, look, m.css has a new nice round milestone ‚ò∫Ô∏èIf you don't know my new lightweight #JavaScript-less #HTML5 #CSS framework (‚Ä¶",jmayer,"Trentino, Italy"
"['Popular', 'Innovation', 'UX', 'UI', 'nodejs', 'clojure', 'perl', 'reactjs', 'angularjs', 'jquery', 'html5']","RT @xilinx9959: https://t.co/MLCwpVMs88 is For Sale

#Popular #Innovation #UX #UI #nodejs #clojure #perl #reactjs #angularjs #jquery #html5‚Ä¶",Blistified,Higher New Earth Consciousness
['reddit'],"Furnace can now use plugins written in three different languages: Go, Python, Ruby https://t.co/ss96nkq4A6 #reddit",golang_news,
[],"RT @junaid210_: DAY 67-68: Going through object oriented javascript and some reactjs tutorials, not much focused so therefore efficiency wa‚Ä¶",_reactdev,Everywhere
[],"RT @junaid210_: DAY 67-68: Going through object oriented javascript and some reactjs tutorials, not much focused so therefore efficiency wa‚Ä¶",_reactdev,Everywhere
[],"MID WEEK SHOUT-OUT! I held a python the other day! ü§©
@kiraNSA_ @S_J_1997 @Merciless365 @AllenNutt24‚Ä¶ https://t.co/Z5N7hNXRu3",DoinsWithYiend,"Ocean Shores, New South Wales"
"['JavaScript', 'HTML5', 'CSS']","RT @czmosra: Oh, look, m.css has a new nice round milestone ‚ò∫Ô∏èIf you don't know my new lightweight #JavaScript-less #HTML5 #CSS framework (‚Ä¶",getpelican,
[],"RT @roks0n: Pythonistas üêç, did you know you can earn bounties if you contribute to @ArkEcosystem's Python libraries?

Two libs exist atm:
-‚Ä¶",Jarunik,Switzerland
"['datavis', 'womenwhocode']",RT @sosulski: Why Python is So Popular with Developers: 3 Reasons the Language Has Exploded https://t.co/sGAivopZFB #datavis #womenwhocode‚Ä¶,PhoenixGyaan,India
[],"RT @qikipedia: Some of the rejected titles for Monty Python‚Äôs Flying Circus were 'A Horse, a Bucket, and a Spoon', 'Bun, Whackett, Buzzard,‚Ä¶",Neubauerin,M√ºnchen
[],"Still some seats available for our course Credit Risk Modeling for Basel/IFRS 9 using R/Python, see https://t.co/EOYdN12zen",DataMiningApps,"Leuven, Belgium"
[],RT @jlowenhar: A great company I'm proud to support as a board member is looking for a Python engineer in NY. https://t.co/FHr71LxBwV,ajhoag,"New York, NY"
[],practice tweet from python script deployed to heroku: #4!,dassenlanden,
[],"RT @qikipedia: Some of the rejected titles for Monty Python‚Äôs Flying Circus were 'A Horse, a Bucket, and a Spoon', 'Bun, Whackett, Buzzard,‚Ä¶",CallItOliver,Iowa City
[],"Introducing Data Science: Big Data, Machine Learning, and more, using Python tools  https://t.co/LoffMp2coJ",DD_Wen_,Melbourne & Sydney
"['CelebsInYeezy', 'YeezyPalette']",#CelebsInYeezy @kourtneykardash steps out in SEASON 5 Rib Tank and Python Ankle Bootie ‚ú® #YeezyPalette https://t.co/MligvRFLUi,yeezypalette,
[],"RT @DoinsWithYiend: MID WEEK SHOUT-OUT! I held a python the other day! ü§©
@kiraNSA_ @S_J_1997 @Merciless365 @AllenNutt24 @stevecourtney79 @S‚Ä¶",mardy_rooster,"Michigan, USA"
[],"@sondy @te_pickering @War_Kittens And to think, they could have been using python 1.5.2. https://t.co/RZ3b0YkZRZ",njgoldbaum,NCSA
"['clearedjobs', 'hiring', 'job', 'jobs', 'techjobs', 'itjobs', 'mclean', 'va', 'dod', 'dhs']",RT @topdogrecruit: HIRING! - Must be able to obtain a clearnace   #clearedjobs #hiring #job #jobs #techjobs #itjobs #mclean #va #dod #dhs #‚Ä¶,WebDevJobsNow,
"['tdd', 'test', 'xp']","RT @CodesBay: Here is a short 2 minute introduction to Test Driven Development (TDD)

https://t.co/eoEXvRsGGB

#tdd #test #xp #extremeprogr‚Ä¶",ProgrammingEmX,
"['CelebsInYeezy', 'YeezyPalette']",RT @yeezypalette: #CelebsInYeezy @kourtneykardash steps out in SEASON 5 Rib Tank and Python Ankle Bootie ‚ú® #YeezyPalette https://t.co/Mligv‚Ä¶,yeezyenergy,"Chicago, IL"
"['NodeJS', 'conemu']","Making #NodeJS (python etc.) CLI apps work on Windows with #conemu:

$ node -p ""process.stdout.isTTY""
true
$ node -‚Ä¶ https://t.co/NEW1Wda2sq",__jakub_g,"Sophia Antipolis/Nice, France"
['reddit'],"golang_news: Furnace can now use plugins written in three different languages: Go, Python, Ruby https://t.co/i3g4mQfxEA #reddit",jelitoCZ,
"['SOCMINT', 'OSINT']","RT @nuria_pp: A short Python script to automate Twint for #SOCMINT #OSINT 
 https://t.co/mihNBkY2gp",lordman1982,
[],"Learning Algorithms with JS, Python and Java 8: Sentence Capitalization https://t.co/jTwwdIjW6q",Mr_Prometheus,Colombia
[],"@thgirwoel @CNNRGLDN I mean, those bots have more following than @CNNRGLDN , they're clearly more successful than h‚Ä¶ https://t.co/6wWhjbqhRG",PsycheMax,"London, England"
[],Friend is very sick but taking a comp sci class with assignement due tonight. Anyone proficient in Python and down‚Ä¶ https://t.co/7ZDZkel7ku,papa_smurf34,"Chicago, IL"
"['business', 'startup', 'geek', 'london', 'ceo', 'cio', 'cto', 'construction', 'html', 'css', 'hustle']","RT @Huwiss: Similar to my ‚Äòthree steps‚Äô concept!
#business #startup #geek #london #ceo #cio #cto #construction #html #css #hustle #javascri‚Ä¶",biconnections,Belgium
"['MachineLearning', 'AI', 'Cloud', 'Tech', 'ML', 'R', 'Python', 'DeepLearning']","3 types of #MachineLearning explained in the simplest of terms 
üíª‚òÅÔ∏èü§ñ

#AI #Cloud #Tech #ML #R #Python #DeepLearning‚Ä¶ https://t.co/efskMnEaTp",adrianahoyos,"Boston, MA / Madrid, Spain"
[],"RT @qikipedia: Some of the rejected titles for Monty Python‚Äôs Flying Circus were 'A Horse, a Bucket, and a Spoon', 'Bun, Whackett, Buzzard,‚Ä¶",its_a_bird_its,"Pontypool, Wales"
[],"RT @roks0n: Pythonistas üêç, did you know you can earn bounties if you contribute to @ArkEcosystem's Python libraries?

Two libs exist atm:
-‚Ä¶",blackshifter82,
[],"@kennethreitz sounds like an interesting project. i've got python, heroku, and k8s experience. dustinmm80 everywher‚Ä¶ https://t.co/TZiL43k5s7",dustinmm80,"Kansas City, MO"
"['business', 'startup', 'geek', 'london', 'ceo', 'cio', 'cto', 'construction', 'html', 'css', 'hustle']","RT @Huwiss: Similar to my ‚Äòthree steps‚Äô concept!
#business #startup #geek #london #ceo #cio #cto #construction #html #css #hustle #javascri‚Ä¶",PhoenixGyaan,India
[],"RT @junaid210_: DAY 67-68: Going through object oriented javascript and some reactjs tutorials, not much focused so therefore efficiency wa‚Ä¶",AaronCuddeback,"Sacramento, CA"
[],"RT @qikipedia: Some of the rejected titles for Monty Python‚Äôs Flying Circus were 'A Horse, a Bucket, and a Spoon', 'Bun, Whackett, Buzzard,‚Ä¶",KaiserSkisoI,The Good Part of England
[],"RT @ntvkenya: PHOTO: Luo elders cleanse Omieri, the legendary African rock python, after she was brought to Kisumu; she will be returned to‚Ä¶",abdulsururu,Khartoum-Sudan
[],Na I feel like after that least interesting to look at comment my dawg been snapping on her looks lmao üî•,KrysJenner,"Orlando, FL"
"['MachineLearning', 'AI', 'Cloud', 'Tech', 'ML', 'R', 'Python', 'DeepLearning']","RT @adrianahoyos: 3 types of #MachineLearning explained in the simplest of terms 
üíª‚òÅÔ∏èü§ñ

#AI #Cloud #Tech #ML #R #Python #DeepLearning #BigD‚Ä¶",IndustryAi,
[],@_Digz_ @GoogleForEdu You should check out the python course on https://t.co/o5rjhdYGFC. Great intro to programming. Good luck!,orthodoxviking,
[],I liked a @YouTube video https://t.co/KSP8APTGCG Rick Grimes 6‚Äù .357 Magnum Colt Python | The Walking Dead,EpicTNTMinecraf,
[],"Any fool can write code that a computer can understand.

Good programmers write codes that humans can understand.‚Ä¶ https://t.co/AywwnP5yh4",tushcoda,"Lagos, Nigeria"
[],@prakashraaj Python üêç ssssss did you ever dare to question Azam or owaisi nope coz your money only for targeting bj‚Ä¶ https://t.co/rfyxLx2O4P,birurexpress,
"['programmer', 'programming']","One of the best Pleasures in Life
.
.
.

.
.
.
.
.
.
is to read a book in total silence üòâ #programmer #programming‚Ä¶ https://t.co/SZTPCCIpf3",Rehman_coding,"Islamabad, Pakistan"
[],"RT @climagic: rpm -qa --queryformat ""%10{SIZE} %{NAME}\n"" | grep -Ev ""(kernel|glibc|perl$|python-libs$|coreutils|hwdata$|glib2|grub2$|yum$|‚Ä¶",ixtis,
[],RT @KrysJenner: Na I feel like after that least interesting to look at comment my dawg been snapping on her looks lmao üî• https://t.co/dA6zr‚Ä¶,yeezypalette,
