"['DataScientists', 'abdsc', 'BigData', 'DataScience', 'MachineLearning', 'Python']",RT @KirkDBorne: Why is it so hard to train #DataScientists? https://t.co/fwFBpNWQcG #abdsc #BigData #DataScience #MachineLearning #Python #‚Ä¶,MartaBV89,"Madrid, Comunidad de Madrid"
"['Docker', 'Go', 'Python']","ExCraft's #Docker containers with custom coded-solutions in several different computer languages (#Go, #Python, C++‚Ä¶ https://t.co/zH3byIgV0O",ExCraftExchange,Hong Kong
"['Spectrum', 'InternetSpeed', 'automagic', 'python', 'corporateaccountability']","#Spectrum My #InternetSpeed :
Ping: 35.862 ms
Download: 190.77 Mbit/s
Upload: 11.18 Mbit/s
#automagic #python #corporateaccountability",BeardySmeardy,"Newtown, CT"
[],"RT @qikipedia: Some of the rejected titles for Monty Python‚Äôs Flying Circus were 'A Horse, a Bucket, and a Spoon', 'Bun, Whackett, Buzzard,‚Ä¶",Sophieneechan,Norway
[],"RT @qikipedia: Some of the rejected titles for Monty Python‚Äôs Flying Circus were 'A Horse, a Bucket, and a Spoon', 'Bun, Whackett, Buzzard,‚Ä¶",lazeez,"Novosibirsk, Russia"
['Python'],https://t.co/QRg0agWhfP #Python Programming languagesPython could become the world's most popular coding language -‚Ä¶ https://t.co/ASzn30VWyu,TweetingOtusOwl,"Norwich, England"
[],"RT @qikipedia: Some of the rejected titles for Monty Python‚Äôs Flying Circus were 'A Horse, a Bucket, and a Spoon', 'Bun, Whackett, Buzzard,‚Ä¶",Xythar,"Melbourne, Australia"
[],"RT @qikipedia: Some of the rejected titles for Monty Python‚Äôs Flying Circus were 'A Horse, a Bucket, and a Spoon', 'Bun, Whackett, Buzzard,‚Ä¶",catmanbeats,"Boston, MA"
[],"RT @qikipedia: Some of the rejected titles for Monty Python‚Äôs Flying Circus were 'A Horse, a Bucket, and a Spoon', 'Bun, Whackett, Buzzard,‚Ä¶",antitractionist,"Maryland, USA"
"['climateviz', 'Canada']","RT @JosephShea: With full credit to @ed_hawkins, I've made some Canadian Climate Stripes:  https://t.co/cEYQddTnF9 #climateviz #Canada #cli‚Ä¶",climatreelogy,"Victoria, British Columbia"
[],I liked a @YouTube video https://t.co/P29GTN9DZi Curso Python #01 - Seja um Programador,tterjaderson83,"Cidade das Flores, Osasco"
"['game', 'Python', 'digitalbadge']",Code a #game and learn some of the basics of #Python with the Make a Game @Raspberry_Pi #digitalbadge on‚Ä¶ https://t.co/hjOwEizjeA,idea_award,"London, England"
[],"RT @qikipedia: Some of the rejected titles for Monty Python‚Äôs Flying Circus were 'A Horse, a Bucket, and a Spoon', 'Bun, Whackett, Buzzard,‚Ä¶",axw74,Now. Here. Meaning it.
[],"RT @tveastman: I have a Python program I run every day, it takes 1.5 seconds.

I spent six hours re-writing it in rust, now it takes 0.06 s‚Ä¶",giorgio6846,
[],"Python developer: Python developer Ref No.: 18-41164 Location: Wilmington, DE, Delaware Hello , I found your profil‚Ä¶ https://t.co/xD2zwDD2m3",Hiring_Delaware,Delaware USA
[],"Inquiring Minds Wanted! Get hands-on training for Shellcode, JavaScript, Python and more https://t.co/sTx4XKTT5y Si‚Ä¶ https://t.co/JOhY9oI2Jz",SecurityTube,"Sunnyvale, CA"
[],"Would someone like to knock up a Monty Python meme? 
""We're looking for a policy""
""A what?""
""A policy.""
 
""Psst. Ze‚Ä¶ https://t.co/62EGSQvHQr",AllyFogg,Manchester
[],"RT @JulieBr18904797: Woman Swallowed Whole By 23-Foot Python Found Undigested Inside Its Stomach [VIDEO]

https://t.co/zYcpAL3V0C",MCanfieldXX,"California, USA"
['RDKitUGM2018'],"#RDKitUGM2018 Works in comp chem group, working on GemPath, a genome-scale model based tool for metabolic pathways‚Ä¶ https://t.co/8KP3ecp7qX",baoilleach,
"['Promote', 'UX', 'UI', 'nodejs', 'clojure', 'perl', 'reactjs', 'angularjs', 'jquery', 'html5', 'css3', 'ruby']","RT @xilinx9959: https://t.co/RRAOCT8WFL is For Sale

#Promote #UX #UI #nodejs #clojure #perl #reactjs #angularjs #jquery #html5 #css3 #ruby‚Ä¶",javascriptd,Everywhere 
[],"RT @qikipedia: Some of the rejected titles for Monty Python‚Äôs Flying Circus were 'A Horse, a Bucket, and a Spoon', 'Bun, Whackett, Buzzard,‚Ä¶",killerma,Third planet from the sun.
[],"RT @tveastman: I have a Python program I run every day, it takes 1.5 seconds.

I spent six hours re-writing it in rust, now it takes 0.06 s‚Ä¶",MrElliwood,
[],Do you have a brand new band who still hasn't got a name? Here are some suggestions.,goashem,"Turku, Finland"
[],"RT @qikipedia: Some of the rejected titles for Monty Python‚Äôs Flying Circus were 'A Horse, a Bucket, and a Spoon', 'Bun, Whackett, Buzzard,‚Ä¶",kel_vetica,"Duluth, MN"
['DataFrames'],"RT @DataCamp: New Tutorial: Joining DataFrames in Pandas! In this tutorial, you‚Äôll learn various ways in which multiple #DataFrames could b‚Ä¶",Soumya32,"Bengaluru, Karnataka"
[],"RT @climagic: rpm -qa --queryformat ""%10{SIZE} %{NAME}\n"" | grep -Ev ""(kernel|glibc|perl$|python-libs$|coreutils|hwdata$|glib2|grub2$|yum$|‚Ä¶",CodingFlux_,
[],watch my new python programming video https://t.co/094hARTZQj,Knowled63092687,"Vellore, India"
[],I added a video to a @YouTube playlist https://t.co/094hARTZQj python exercise with solution,Knowled63092687,"Vellore, India"
[],"RT @qikipedia: Some of the rejected titles for Monty Python‚Äôs Flying Circus were 'A Horse, a Bucket, and a Spoon', 'Bun, Whackett, Buzzard,‚Ä¶",PeteSBoyd,"Wantage, UK"
[],RT @halsey: Ok when u say it like that..... my mania is showing lol. https://t.co/VcSoH9x0wS,g_s_rodriguez,
[],"Someone please make a show called 'The Horrible Earnest Megapode' üòÅüòÅ
@realrossnoble @noelfielding11",mayclem72,"Surrey, UK"
[],"RT @jnuneziglesias: Python is taking over astronomy, 2018Q3 edition: the curve keeps getting steeper! Updated in collaboration with @_russr‚Ä¶",andreazonca,"San Diego,  CA"
"['python', 'electricity']",RT @PythonWeekly: High Priced Electricity SMS Alerts with Python and Twilio SMS via @twilio https://t.co/OfJjk8bKfa #python #electricity #t‚Ä¶,a_hun1972,
[],"RT @qikipedia: Some of the rejected titles for Monty Python‚Äôs Flying Circus were 'A Horse, a Bucket, and a Spoon', 'Bun, Whackett, Buzzard,‚Ä¶",non_homo,Galactic sector ZZ9 Plural Z Œ±
['python'],Can you answer this? Arabic language lesson program Part 2 https://t.co/bDZUjTt03M #python,StackCodeReview,The Stack Exchange network
[],"RT @dabeaz: Pondering:  Do Python programmers actually do this anymore for debugging after a program crash?

python -i https://t.co/ysj2HpJ‚Ä¶",amdruz,SF
[],"RT @qikipedia: Some of the rejected titles for Monty Python‚Äôs Flying Circus were 'A Horse, a Bucket, and a Spoon', 'Bun, Whackett, Buzzard,‚Ä¶",LooniCat,North of Atlanta GA USA
[],It's a tie between Python and Numerical Modeling. If it wasn't for those class I don't think I'd be going for a 2nd‚Ä¶ https://t.co/c177iRqy2L,WxBDM,"Auburn, AL"
['python'],Can you answer this? Python&amp;ArcGIS: Combining several raster layers into netCDF https://t.co/smBFj6upPQ #python,StackGIS,The Stack Exchange network
[],I saved a @YouTube playlist https://t.co/h6cRXNmf3O Curso de Python 3 -,tterjaderson83,"Cidade das Flores, Osasco"
"['coderforevers', 'code', 'coders', 'html', 'css', 'coffee', 'python', 'php']","RT @coder_forevers1: Some People Call It Magic
Follow @coder_forevers1
-
-
#coderforevers #code #coders ‚†Ä
#html #css #coffee #python ‚†Ä
#php‚Ä¶",javascriptd,Everywhere 
[],"This feels supernatural coming from python, but the mosaic package makes it so simple to teach students the thinkin‚Ä¶ https://t.co/vqTtlGlJBr",levijohnwolf,"Bristol, England"
[],"RT @qikipedia: Some of the rejected titles for Monty Python‚Äôs Flying Circus were 'A Horse, a Bucket, and a Spoon', 'Bun, Whackett, Buzzard,‚Ä¶",ingdamnit,
"['gntm', 'myFirstTweet']",Monty Python's Life of Brian  https://t.co/TpUFgYli2d  ElvisiTeam #gntm #myFirstTweet,HonMovies,
[],And now for something completely different...,Jef_Konijn,De Punica Oase
[],"RT @qikipedia: Some of the rejected titles for Monty Python‚Äôs Flying Circus were 'A Horse, a Bucket, and a Spoon', 'Bun, Whackett, Buzzard,‚Ä¶",crimsonhouseboo,
[],RT @WxBDM: It's a tie between Python and Numerical Modeling. If it wasn't for those class I don't think I'd be going for a 2nd undergrad in‚Ä¶,AMSEarlyCareer,
['NoNeedToCorrectMeThisIsAJoke'],"RT @JonTrevithick: I learned all the names of the Monty Python team from their 2013 press conference.
#NoNeedToCorrectMeThisIsAJoke https:/‚Ä¶",onebit,"Bad Sobernheim, Deutschland"
[],"RT @qikipedia: Some of the rejected titles for Monty Python‚Äôs Flying Circus were 'A Horse, a Bucket, and a Spoon', 'Bun, Whackett, Buzzard,‚Ä¶",Grizzlerish,NW England
"['DataScientists', 'DataScience', 'MachineLearning', 'Statistics', 'DeepLearning']","RT @KirkDBorne: A great collection of Cheat Sheets for #DataScientists ‚Äî #DataScience, #MachineLearning, #Statistics, #DeepLearning and mor‚Ä¶",petetrainor,London
[],üé∂ Truly lovely mix from DJ Python via Crack. Perfect afternoon bliss out.¬† https://t.co/RAqw4is0Va,BeccaOGT,South East London
['NoNeedToCorrectMeThisIsAJoke'],"RT @JonTrevithick: I learned all the names of the Monty Python team from their 2013 press conference.
#NoNeedToCorrectMeThisIsAJoke https:/‚Ä¶",Daniyal_Himself,"Karachi, Pakistan"
[],"RT @qikipedia: Some of the rejected titles for Monty Python‚Äôs Flying Circus were 'A Horse, a Bucket, and a Spoon', 'Bun, Whackett, Buzzard,‚Ä¶",HappyMrsRory2,"Whitman, MA"
[],"Learn To Loop The Python Way: Iterators And Generators Explained If you‚Äôve ever written any Python at all, the chan‚Ä¶ https://t.co/XvUhd7pkeL",DailyPythonInfo,
"['Excel', 'VBA', 'DevelopExcel', 'London', 'ExcelDNA', 'pyXLL', 'PowerQuery']","RT @ExcelAnalytics: Extend #Excel beyond #VBA! Come to #DevelopExcel on Oct 18th in #London. JS Extensions, #ExcelDNA, #pyXLL, #PowerQuery+‚Ä¶",pyxll,"London, England"
[],"RT @ThePSF: PyCon India, Hyderadad, Oct. 5-9 - https://t.co/VSDgG1lXPg. Conducted annually by the Python developer community. Keynote speak‚Ä¶",5hirish,"Bengaluru, India"
['python'],I recently wrote about financial analysis with #python: ‚ÄúOn Making Money with Python and Data Science ‚Äî 1: Setup an‚Ä¶ https://t.co/38cHVTmRpq,ultimetis,"Seattle, WA"
[],OH: ‚ÄúPython with type hints is pretty close to prose‚Äù,nizkroberts,
[],Python Substring | Slicing &amp; Splitting String | Examples https://t.co/PkX2SvJlTh,EyeHunt1,India
"['programming', 'programmer', 'programmers', 'coding', 'code', 'html', 'web', 'css']","RT @arif_cu: Me in every night before project submitting üòè
.
.
#programming #programmer #programmers #coding #code #html #web #css #javascr‚Ä¶",uvmaker,"Tokyo-to, Japan"
['Amazon'],RT @johnnymarix: Love it!!!! Been using the python sdk since hour 1!! great addition to the toolchain! thank you #Amazon https://t.co/Zwlra‚Ä¶,thedavedev,"Philadelphia, PA, USA"
[],"RT @qikipedia: Some of the rejected titles for Monty Python‚Äôs Flying Circus were 'A Horse, a Bucket, and a Spoon', 'Bun, Whackett, Buzzard,‚Ä¶",asawari_g,Bengaluru
[],@matteo_brainnet I personally use Anaconda but @Docker is occasionally useful. Good if wanting to interact outside‚Ä¶ https://t.co/ZrcZWf1rKA,aeronlaffere,"Birkbeck, University of London"
[],"RT @qikipedia: Some of the rejected titles for Monty Python‚Äôs Flying Circus were 'A Horse, a Bucket, and a Spoon', 'Bun, Whackett, Buzzard,‚Ä¶",PennyTindall,"Wiltshire, UK"
[],"RT @cameronmaske: Using pytest's parameterizing marker can really reduce the amount of test code. 
However, is the extra complexity in your‚Ä¶",eoinbrazil,"Dublin 2, Ireland"
[],"RT @qikipedia: Some of the rejected titles for Monty Python‚Äôs Flying Circus were 'A Horse, a Bucket, and a Spoon', 'Bun, Whackett, Buzzard,‚Ä¶",MarianMme16513,Quad Cities        
['NoNeedToCorrectMeThisIsAJoke'],"RT @JonTrevithick: I learned all the names of the Monty Python team from their 2013 press conference.
#NoNeedToCorrectMeThisIsAJoke https:/‚Ä¶",Grossinm,"Albuquerque, NM"
[],@kennethreitz Do you have anything against asynchronous python frameworks? Vibora is asynchronous flask. Your thoughts?,pystar,The World
[],"RT @qikipedia: Some of the rejected titles for Monty Python‚Äôs Flying Circus were 'A Horse, a Bucket, and a Spoon', 'Bun, Whackett, Buzzard,‚Ä¶",hellosayscaro,"Antwerpen, Belgi√´"
"['JVM', 'python', 'javascript', 'sql', 'nosql']","***NEW ROLE***
                 Senior Software Engineer in Test

#JVM #python #javascript #sql #nosql‚Ä¶ https://t.co/iRGEAocdkD",TheNYCRecruiter,
[],Senior school robotics challenge this week is to build a traffic light. It has to go from red to green and then buz‚Ä¶ https://t.co/euLyevI38N,SJCRobotics,
"['PyConCA2018', 'Toronto', 'Python', 'Python', 'Data']",Looking forward to #PyConCA2018 coming up in #Toronto in November! cc @wesmckinn #Python #Python #Data,jpindi,Toronto
[],"RT @qikipedia: Some of the rejected titles for Monty Python‚Äôs Flying Circus were 'A Horse, a Bucket, and a Spoon', 'Bun, Whackett, Buzzard,‚Ä¶",BensBoredAtWork,"Washington, DC"
['python'],Towards Natural Language Semantic Code Search. Demo: https://t.co/ci7aZym8IP Motivation:  #python https://t.co/4VDnvxCHRT,besanson,"Barcelona, Catalonia"
[],PHP Team Lead Python API https://t.co/JJ2bFB4ixf,UKPHPJobs,London
[],Love this thanks @pophistory,Thunderoad75,Where Mary's dress sways
[],"python, what a fucking horrible language, how about you choke on yourself, you terrible snake
why can't i write 'x+‚Ä¶ https://t.co/YseqjevOnE",cihywastaken,
[],"RT @tacaswell: A big thank you to everyone who worked on this release!

This is without a doubt a team effort! https://t.co/b35CWDpk6d",dartdog,"Birmingham, AL"
[],"A list found in John Cleese's rubbish bin:

Bernard Gecko's Swimming Barbecue
Rudolf Bubblegum's Invisible Cathedra‚Ä¶ https://t.co/E1xV6XCYja",JohnLoony,Croydon
[],Practical Web Scraping for Data Science: Best Practices and Examples with Python https://t.co/nmnNtDyQbO,DD_Jessica_,Australia
[],"hi, i program in python, but i think i'm gonna start exploring in c += 1, heard so much good about that language",cihywastaken,
"['rustlang', 'Python']","RT @occupy_paul_st: My newest """"weekend"""" project: explaining #rustlang ownership with #Python.

https://t.co/7OcDFBbXqm

Thanks @Ferrum_of‚Ä¶",liulixiang1988,China
[],"@spamaps Take a look at pelican, it's Python based.",matrunge,Oldenburg/Germany
[],"@kennethreitz Quant, Sanic and Vibora all claim to be the ""flask"" of asynchronous python frameworks.",pystar,The World
['Python'],RT @kdarty: Python Pro Tips: Understanding Explicit is Better than Implicit - by @miguelgfierro #Python  https://t.co/KkkCtlLL0P,cachorroazul84,
[],RT @familywriters1: BREAKING!!! VICTIM OF OPERATION PYTHON DANCE III: ARMY OFFICER KILLS A BIAFRAN IN OBIGBO RIVERS STATE: BREAKING!!! VICT‚Ä¶,UDomendu,Radio Biafra
[],Learn Python Programming in 5 Hours | For Absolute Beginners - https://t.co/BybILkPpCa,teachemy,United States
['Python'],"You can develop really nice things with #Python. But of course, like with every other programming language, you can‚Ä¶ https://t.co/xwfp4uxPYW",inktvis75,"Purmerend, Nederland"
[],[Free] Python Programming Bible | Udemy - https://t.co/Qrp31yUidk https://t.co/LOryjOsBSt,udemyfreecouses,Morocco
['Python'],"RT @rubrikInc: [NEW BLOG] Introducing Rubrik‚Äôs #Python SDK! Created by infrastructure engineers, for infrastructure engineers. https://t.co‚Ä¶",RubrikJerry,
[],Last night I intended to watch a webinar on Python but I started getting sleepy before 8 o'clock. üò≠üò≠,ravenmccandies,"Washington, DC metro area"
[],"RT @qikipedia: Some of the rejected titles for Monty Python‚Äôs Flying Circus were 'A Horse, a Bucket, and a Spoon', 'Bun, Whackett, Buzzard,‚Ä¶",JoStass,"South East, England"
"['agqr', '„É®„É´„Éä„Ç§„Éà']",#agqr #„É®„É´„Éä„Ç§„Éà Monty Python's Flying Stone!,mayfly_knee,Êó•Êú¨
[],RT @DD_Jessica_: Practical Web Scraping for Data Science: Best Practices and Examples with Python https://t.co/nmnNtDyQbO,akdm_bot,United States
[],"RT @PythonWeekly: Project Python - A free interactive book that will teach you to code in Python, using graphics, animations, and games. ht‚Ä¶",victotara,
[],"RT @PythonWeekly: Project Python - A free interactive book that will teach you to code in Python, using graphics, animations, and games. ht‚Ä¶",Mark7475,
[],New post (Learning Python) has been published on Ebook Mania - https://t.co/xiId6ZJfUo https://t.co/RKSh7Z3E2J,EbookManiaNET,
[],"RT @qikipedia: Some of the rejected titles for Monty Python‚Äôs Flying Circus were 'A Horse, a Bucket, and a Spoon', 'Bun, Whackett, Buzzard,‚Ä¶",ThatFatLadyS,
['CultureInKisumu'],RT @Khagali_M: The Python 'OMIERI' at #CultureInKisumu is the signature for the celebrations. https://t.co/lwrwbS1jyG,ericmwaura,"Nairobi,kenya"
[],Today‚Äôs contender for most wrong someone could possibly be: ‚ÄúMatlab and Python are basically the same thing. If you‚Ä¶ https://t.co/QS4rgVN9xt,topherocity,"Marietta, GA"
[],"RT @qikipedia: Some of the rejected titles for Monty Python‚Äôs Flying Circus were 'A Horse, a Bucket, and a Spoon', 'Bun, Whackett, Buzzard,‚Ä¶",MDplusthree,
[],"RT @qikipedia: Some of the rejected titles for Monty Python‚Äôs Flying Circus were 'A Horse, a Bucket, and a Spoon', 'Bun, Whackett, Buzzard,‚Ä¶",TehRandomMaster,Australia
[],"RT @PythonWeekly: Project Python - A free interactive book that will teach you to code in Python, using graphics, animations, and games. ht‚Ä¶",iamtherealaids,"Somewhere, some place."
[],"RT @IzuchukwuUche2: The zoo called Nigerian Army have started killings us again. 

@netanyahu
@ECOWASParliamnt
@EU_Commission
@Europarl_EN‚Ä¶",UDomendu,Radio Biafra
[],Deep Learning for Beginners: Practical Guide with Python and Keras https://t.co/ripoZ8nBWH https://t.co/7MFcsTiFUr,Nadia__Rafiq,London
[],Learn To Loop The Python Way: Iterators And Generators¬†Explained https://t.co/eLYAHeXi5Y,itsnerdnews,
[],RT @NkirukaNistoran: BREAKING!!! VICTIM OF OPERATION PYTHON DANCE III: ARMY OFFICER KILLS A BIAFRAN IN OBIGBO RIVERS STATE https://t.co/Y70‚Ä¶,UDomendu,Radio Biafra
[],"RT @FunctorFact: Hy: A Lisp embedded in Python
https://t.co/bX3zOhGnHu",rnitsch,"Berlin, Deutschland"
[],"If you're in Mumbai, drop by the Future Cities expo in the Bombay Exhibition Centre to find out more about the Pyth‚Ä¶ https://t.co/kc5Haik0Ze",SuperiorRoads,"Regina, Saskatchewan"
"['business', 'startup', 'geek', 'london', 'ceo', 'cio', 'cto', 'construction', 'html', 'css', 'hustle']","RT @Huwiss: Similar to my ‚Äòthree steps‚Äô concept!
#business #startup #geek #london #ceo #cio #cto #construction #html #css #hustle #javascri‚Ä¶",html_css_bot,"London, England"
[],RT @ncoghlan_dev: One of the key parts of running an effective non-profit is keeping your accounts in order so both donors and the wider co‚Ä¶,argenpython,"Paran√°, Entre R√≠os, Argentina"
"['picoftheday', 'love', 'tbt', 'fineart', 'GIMP', 'Python']","hairs familiarizingly
 by Jared Haer
Tempests Unresistedness Study
#picoftheday #love #tbt #fineart #GIMP #Python‚Ä¶ https://t.co/GFEH0mDJJd",Jared216,"Saint Joseph, MO"
[],"Hi Jason, big fan. Got a three-parter here.
1. What is your name?
2. What is your quest?
3. What is the airspeed ve‚Ä¶ https://t.co/uPXHHs1xYU",HeyJayJRogers,"Washington, D.C. | The Capital"
[],"RT @bennylope: Now thanks to @pauloxnet, django-quagga, the django-zebra fork for simple Stripe integration in Django, is Python 3 compatib‚Ä¶",pauloxnet,Italy
[],"RT @qikipedia: Some of the rejected titles for Monty Python‚Äôs Flying Circus were 'A Horse, a Bucket, and a Spoon', 'Bun, Whackett, Buzzard,‚Ä¶",_oli_charlie,"Perth, Western Australia"
['datavis'],Why Python is So Popular with Developers: 3 Reasons the Language Has Exploded https://t.co/sGAivopZFB #datavis‚Ä¶ https://t.co/hs6bFOHco0,sosulski,"NYC, Panama, Shanghai"
"['datavisualisation', 'datascience', 'DataAnalytics', 'python', 'seaborn', 'matplotlib']","üîñ [Data Science]Seaborn basic 
https://t.co/asXqAGhEzF
#datavisualisation #datascience #DataAnalytics #python #seaborn #matplotlib",moklavie,"Hobart, Tasmania"
[],RT @ncoghlan_dev: One of the key parts of running an effective non-profit is keeping your accounts in order so both donors and the wider co‚Ä¶,brettsky,"Vancouver, British Columbia"
[],@jonawils @Tim_Vickery @blzzrd @reverse_sweeper A joke?  I laughed harder than ever when they shattered the group s‚Ä¶ https://t.co/8ZiDLuNOrJ,DavidMAntonelli,Cardiff
[],"RT @hroogar: This isn't a Monty Python sketch @hrw, the guy how lost an aye after being shot with an illegal rubber bullet by the ES police‚Ä¶",CatalanRobot,Catalonia
[],"New startup idea: take Facebook, implement machine learning &amp; blockchain, and rewrite it in Python.",nonsensestartup,
[],"RT @qikipedia: Some of the rejected titles for Monty Python‚Äôs Flying Circus were 'A Horse, a Bucket, and a Spoon', 'Bun, Whackett, Buzzard,‚Ä¶",roblwilson,Scotland
[],New blog post:  Learning how to test in Python and @PylonsProject Pyramid with the two Pyramid courses from‚Ä¶ https://t.co/GBsmzP8jr8,prcutler,"Chaska, MN"
['IPOB'],"RT @GTalk2iyke: #IPOB: Operation Python Dance, a State coordinated means to slaughter  innocent Biafrans seeking for Self Determination. @M‚Ä¶",mikelezemagu1,
['TalkLikeAPirateDay'],"RT @pophistory: George Harrison singing the Monty Python classic ""The Pirate Song"":  https://t.co/38m8mPij4v #TalkLikeAPirateDay",kjgreenway,
"['dlang', 'rustlang']",I'm having a problem deciding whether to use D or Rust with GTK+ for the rewrite of the currently Python + QML UI. #dlang #rustlang,russel_winder,London
[],"RT @qikipedia: Some of the rejected titles for Monty Python‚Äôs Flying Circus were 'A Horse, a Bucket, and a Spoon', 'Bun, Whackett, Buzzard,‚Ä¶",heidercrc,"Divin√≥polis, Brasil"
